Type,n,M,k,Algorithm,Mean_AvgObj,SD_AvgObj,Min_AvgObj,Max_AvgObj,Mean_AvgGap,SD_AvgGap,Min_AvgGap,Max_AvgGap,CV_AvgGap
RandomC (pert=0),100,5,1,GA+ILP,20.2,0.447213595,20,21,0,0,0,0,
RandomC (pert=0),100,5,1,Greedy,21.72,0.756306816,21,23,0.075809524,0.04854738,0.019047619,0.15,0.64038629
RandomC (pert=0),100,5,1,VNS,20.94,0.134164079,20.7,21,0.037,0.021679483,0,0.05,0.585931983
RandomC (pert=0),100,5,3,GA+ILP,30.8,0.836660027,30,32,0,0,0,0,
RandomC (pert=0),100,5,3,Greedy,33.56,1.625730605,32.2,36.2,0.089282258,0.030816929,0.048387097,0.13125,0.345162962
RandomC (pert=0),100,5,3,VNS,32,1.471393897,30.8,34.1,0.038673387,0.026568051,0.003225806,0.065625,0.686985354
RandomC (pert=0),100,5,5,GA+ILP,37.8,0.836660027,37,39,0,0,0,0,
RandomC (pert=0),100,5,5,Greedy,38.84,0.909945053,38,40.2,0.027490973,0.001866787,0.026315789,0.030769231,0.067905463
RandomC (pert=0),100,5,5,VNS,38,1.088577053,37,39.7,0.005182916,0.007464061,0,0.017948718,1.440127821
RandomC (pert=0),1000,10,5,GA+ILP,263.62,1.237739876,261.7,264.7,0.053648194,0.00486577,0.049003984,0.059036145,0.090697748
RandomC (pert=0),1000,10,5,Greedy,264.58,1.084896308,263.1,266,0.057490494,0.005660148,0.051984127,0.064,0.098453627
RandomC (pert=0),1000,10,5,VNS,253.9,1.491643389,251.4,255.1,0.014791973,0.004170861,0.009638554,0.0192,0.281967878
RandomC (pert=0),1000,10,10,GA+ILP,313.98,2.601345806,309.7,316.2,0.043142101,0.009116817,0.032236842,0.054,0.211320648
RandomC (pert=0),1000,10,10,Greedy,314.82,2.454994908,310.9,317.2,0.045936412,0.009175668,0.034210526,0.057333333,0.199747155
RandomC (pert=0),1000,10,10,VNS,306,2.556364606,302,308.7,0.016623571,0.0079998,0.010033445,0.029,0.481232307
RandomC (pert=0),5000,2,2,GA+ILP,196.24,0.981325634,195.2,197.8,0.023147906,0.004168157,0.019270833,0.030208333,0.18006627
RandomC (pert=0),5000,2,2,Greedy,196.34,0.915423399,195.3,197.8,0.023669284,0.003739133,0.020833333,0.030208333,0.157974054
RandomC (pert=0),5000,2,2,VNS,194.28,0.895544527,193.5,195.8,0.012930301,0.004075051,0.009895833,0.019791667,0.315155171
RandomC (pert=30),100,5,1,GA+ILP,20.4,0.547722558,20,21,0,0,0,0,
RandomC (pert=30),100,5,1,Greedy,22.38,1.196662024,21,24.1,0.098047619,0.07267843,0,0.205,0.74125645
RandomC (pert=30),100,5,1,VNS,20.98,0.843800924,20,22,0.02852381,0.034729437,0,0.08,1.217559557
RandomC (pert=30),100,5,3,GA+ILP,30.6,0.547722558,30,31,0,0,0,0,
RandomC (pert=30),100,5,3,Greedy,35.06,1.361249426,34.1,37,0.145634409,0.034583945,0.1,0.193548387,0.237470975
RandomC (pert=30),100,5,3,VNS,31.88,1.225561096,30.1,32.9,0.041548387,0.023194249,0.003333333,0.061290323,0.558246671
RandomC (pert=30),100,5,5,GA+ILP,37,0.707106781,36,38,0,0,0,0,
RandomC (pert=30),100,5,5,Greedy,42.22,1.130044247,41.1,43.7,0.141186186,0.027407318,0.110810811,0.169444444,0.194121809
RandomC (pert=30),100,5,5,VNS,38.44,1.066770828,37,39.5,0.039259523,0.036691026,0,0.097222222,0.934576457
RandomC (pert=30),1000,10,5,GA+ILP,286,1.031988372,284.6,287.3,0.033243498,0.004584798,0.029856115,0.040942029,0.13791562
RandomC (pert=30),1000,10,5,Greedy,286.68,0.998498873,285.6,287.9,0.03570022,0.004505944,0.031407942,0.043115942,0.126216152
RandomC (pert=30),1000,10,5,VNS,281.5,1.369306394,279.6,282.7,0.016985381,0.005415481,0.009386282,0.024275362,0.318831893
RandomC (pert=30),1000,10,10,GA+ILP,344.18,1.227599283,342.9,345.7,0.026800752,0.005013273,0.020474777,0.033532934,0.187057191
RandomC (pert=30),1000,10,10,Greedy,344.92,1.393556601,343.4,346.5,0.029011509,0.006083054,0.021068249,0.036826347,0.209677283
RandomC (pert=30),1000,10,10,VNS,339.74,0.801872808,338.9,340.8,0.013554518,0.004055312,0.007715134,0.018862275,0.299185258
RandomC (pert=30),5000,2,2,GA+ILP,200.88,0.465832588,200.3,201.4,0.01867224,0.003854796,0.014141414,0.023469388,0.206445305
RandomC (pert=30),5000,2,2,Greedy,200.9,0.435889894,200.4,201.4,0.018773763,0.003797819,0.014141414,0.023469388,0.202293988
RandomC (pert=30),5000,2,2,VNS,199.46,0.497995984,198.8,200,0.011471223,0.003899494,0.007070707,0.016326531,0.339937038
RandomER,100,5,1,GA+ILP,24.8,0.447213595,24,25,0,0,0,0,
RandomER,100,5,1,Greedy,27.1,1.222701926,25.7,28.5,0.093333333,0.060560346,0.028,0.166666667,0.648860854
RandomER,100,5,1,VNS,26.14,0.835463943,25.2,27.2,0.054366667,0.040513441,0.008,0.095833333,0.745188979
RandomER,100,5,3,GA+ILP,38.1,0.595818764,37.5,39.1,0.008080388,0.010658319,0,0.024324324,1.319035514
RandomER,100,5,3,Greedy,42.26,1.27984374,40.6,44.2,0.118686217,0.050160132,0.068421053,0.194594595,0.422628119
RandomER,100,5,3,VNS,40.2,0.659545298,39.3,41,0.0636988,0.017481701,0.047368421,0.091891892,0.274443182
RandomER,100,5,5,GA+ILP,46.16,1.234098862,44,47.1,0.007816836,0.006639427,0,0.015217391,0.849375233
RandomER,100,5,5,Greedy,49.88,0.772657751,49,50.6,0.089805735,0.039783047,0.044680851,0.15,0.442990044
RandomER,100,5,5,VNS,48.38,0.414728827,47.9,48.9,0.056895551,0.030636202,0.027659574,0.106818182,0.538463932
RandomER,1000,10,5,GA+ILP,372.02,0.683373983,371.3,372.8,0.024289567,0.001980569,0.021369863,0.025690608,0.081539923
RandomER,1000,10,5,Greedy,372.52,0.712039325,371.6,373.4,0.025666689,0.002326749,0.023013699,0.027900552,0.090652481
RandomER,1000,10,5,VNS,367.14,1.108151614,365.7,368.5,0.010853324,0.003089228,0.005753425,0.013498623,0.284634271
RandomER,1000,10,10,GA+ILP,450.12,2.288449257,446.3,451.8,0.021611019,0.003007163,0.018510158,0.026363636,0.139149534
RandomER,1000,10,10,Greedy,450.86,2.333023789,447,453,0.023289574,0.00274375,0.020090293,0.027045455,0.117810245
RandomER,1000,10,10,VNS,444.98,2.089736826,441.4,446.6,0.00994443,0.001830695,0.00744921,0.0125,0.184092537
RandomER,5000,2,2,GA+ILP,1182.92,5.097744599,1174.4,1186.8,0.010874277,0.002274384,0.008248299,0.014358974,0.209152629
RandomER,5000,2,2,Greedy,1183.86,4.84489422,1175.8,1187.6,0.011678446,0.002353437,0.008758503,0.015042735,0.201519751
RandomER,5000,2,2,VNS,1177,5.115173506,1168.5,1181.1,0.005815386,0.002383317,0.003061224,0.009487179,0.409829479
